{
    "test_loss": 0.9879416823387146,
    "test_acc": 0.6833333333333333,
    "roc_auc": 0.8384047533154676,
    "pr_auc": 0.6676912029653617,
    "pre_rec_f1_macro": [
        0.5387205387205387,
        0.61875,
        0.5608676207513417,
        null
    ],
    "pre_rec_f1_micro": [
        0.6833333333333333,
        0.6833333333333333,
        0.6833333333333333,
        null
    ]
}