{
    "test_loss": 1.402919054031372,
    "test_acc": 0.5178571428571429,
    "roc_auc": 0.7554985810113519,
    "pr_auc": 0.46147872112776384,
    "pre_rec_f1_macro": [
        0.38753501400560225,
        0.41830065359477125,
        0.3755699088145897,
        null
    ],
    "pre_rec_f1_micro": [
        0.5178571428571429,
        0.5178571428571429,
        0.5178571428571429,
        null
    ]
}