{
    "test_loss": 1.348207950592041,
    "test_acc": 0.3050847457627119,
    "roc_auc": 0.6211116264687693,
    "pr_auc": 0.42725402958098563,
    "pre_rec_f1_macro": [
        0.1736111111111111,
        0.33676470588235297,
        0.2171125975473802,
        null
    ],
    "pre_rec_f1_micro": [
        0.3050847457627119,
        0.3050847457627119,
        0.3050847457627119,
        null
    ]
}