{
    "test_loss": 1.3003053665161133,
    "test_acc": 0.4791666666666667,
    "roc_auc": 0.6582008144508145,
    "pr_auc": 0.4444723951878526,
    "pre_rec_f1_macro": [
        0.36544746103569636,
        0.4595959595959596,
        0.3994444444444445,
        null
    ],
    "pre_rec_f1_micro": [
        0.4791666666666667,
        0.4791666666666667,
        0.4791666666666667,
        null
    ]
}