{
    "test_loss": 0.869409441947937,
    "test_acc": 0.7611940298507462,
    "roc_auc": 0.8965249873534319,
    "pr_auc": 0.7794790843817995,
    "pre_rec_f1_macro": [
        0.7869543650793651,
        0.7617880485527544,
        0.7634502923976609,
        null
    ],
    "pre_rec_f1_micro": [
        0.7611940298507462,
        0.7611940298507462,
        0.7611940298507462,
        null
    ]
}