{
    "test_loss": 1.2837387323379517,
    "test_acc": 0.4032258064516129,
    "roc_auc": 0.6512318448459753,
    "pr_auc": 0.44387929474405646,
    "pre_rec_f1_macro": [
        0.4107142857142857,
        0.4025297619047619,
        0.357977207977208,
        null
    ],
    "pre_rec_f1_micro": [
        0.4032258064516129,
        0.4032258064516129,
        0.4032258064516129,
        null
    ]
}