{
    "test_loss": 1.2669625282287598,
    "test_acc": 0.5833333333333334,
    "roc_auc": 0.8169804872706659,
    "pr_auc": 0.6410223185762163,
    "pre_rec_f1_macro": [
        0.48385093167701865,
        0.521875,
        0.46488927738927743,
        null
    ],
    "pre_rec_f1_micro": [
        0.5833333333333334,
        0.5833333333333334,
        0.5833333333333334,
        null
    ]
}