{
    "test_loss": 1.468696117401123,
    "test_acc": 0.35,
    "roc_auc": 0.6614251464474679,
    "pr_auc": 0.4006616591353729,
    "pre_rec_f1_macro": [
        0.23767006802721088,
        0.31107954545454547,
        0.21327572663000785,
        null
    ],
    "pre_rec_f1_micro": [
        0.35,
        0.35,
        0.35,
        null
    ]
}