{
    "test_loss": 1.3359419107437134,
    "test_acc": 0.31343283582089554,
    "roc_auc": 0.6241393916056989,
    "pr_auc": 0.3998407212100182,
    "pre_rec_f1_macro": [
        0.2756226053639847,
        0.3194444444444444,
        0.22676571920757968,
        null
    ],
    "pre_rec_f1_micro": [
        0.31343283582089554,
        0.31343283582089554,
        0.31343283582089554,
        null
    ]
}