{
    "test_loss": 0.6039031744003296,
    "test_acc": 0.7903225806451613,
    "roc_auc": 0.9339091614906833,
    "pr_auc": 0.8950148113495209,
    "pre_rec_f1_macro": [
        0.8335526315789473,
        0.7700892857142858,
        0.7303804296838352,
        null
    ],
    "pre_rec_f1_micro": [
        0.7903225806451613,
        0.7903225806451613,
        0.7903225806451614,
        null
    ]
}