{
    "test_loss": 1.817068099975586,
    "test_acc": 0.5084745762711864,
    "roc_auc": 0.812847866419295,
    "pr_auc": 0.6306148498913211,
    "pre_rec_f1_macro": [
        0.52515479876161,
        0.47205882352941175,
        0.4282188399835459,
        null
    ],
    "pre_rec_f1_micro": [
        0.5084745762711864,
        0.5084745762711864,
        0.5084745762711864,
        null
    ]
}