{
    "test_loss": 1.788682222366333,
    "test_acc": 0.4576271186440678,
    "roc_auc": 0.8110403252209974,
    "pr_auc": 0.6267025719532571,
    "pre_rec_f1_macro": [
        0.4570967741935484,
        0.42794117647058827,
        0.375801282051282,
        null
    ],
    "pre_rec_f1_micro": [
        0.4576271186440678,
        0.4576271186440678,
        0.4576271186440678,
        null
    ]
}