{
    "test_loss": 0.2394135445356369,
    "test_acc": 0.9516129032258065,
    "roc_auc": 0.9916684312064747,
    "pr_auc": 0.9793465564363396,
    "pre_rec_f1_macro": [
        0.9557692307692307,
        0.9486607142857143,
        0.9509998113563479,
        null
    ],
    "pre_rec_f1_micro": [
        0.9516129032258065,
        0.9516129032258065,
        0.9516129032258065,
        null
    ]
}