{
    "test_loss": 1.9945842027664185,
    "test_acc": 0.4666666666666667,
    "roc_auc": 0.8207171846011132,
    "pr_auc": 0.5934363266121043,
    "pre_rec_f1_macro": [
        0.5280303030303031,
        0.418560606060606,
        0.40565806742277327,
        null
    ],
    "pre_rec_f1_micro": [
        0.4666666666666667,
        0.4666666666666667,
        0.4666666666666667,
        null
    ]
}