{
    "test_loss": 1.6404695510864258,
    "test_acc": 0.3,
    "roc_auc": 0.6993093500099605,
    "pr_auc": 0.5056613982152066,
    "pre_rec_f1_macro": [
        0.3833333333333333,
        0.30718954248366015,
        0.2003896103896104,
        null
    ],
    "pre_rec_f1_micro": [
        0.3,
        0.3,
        0.3,
        null
    ]
}