{
    "test_loss": 1.2721034288406372,
    "test_acc": 0.5806451612903226,
    "roc_auc": 0.8234597528075789,
    "pr_auc": 0.5821644112465064,
    "pre_rec_f1_macro": [
        0.4701064701064701,
        0.5357142857142857,
        0.4329862088376021,
        null
    ],
    "pre_rec_f1_micro": [
        0.5806451612903226,
        0.5806451612903226,
        0.5806451612903226,
        null
    ]
}