{
    "test_loss": 1.507999300956726,
    "test_acc": 0.5909090909090909,
    "roc_auc": 0.877587145969499,
    "pr_auc": 0.6864526214104769,
    "pre_rec_f1_macro": [
        0.7710253456221198,
        0.5916666666666666,
        0.5221304166486891,
        null
    ],
    "pre_rec_f1_micro": [
        0.5909090909090909,
        0.5909090909090909,
        0.5909090909090909,
        null
    ]
}