{
    "test_loss": 2.4400179386138916,
    "test_acc": 0.2857142857142857,
    "roc_auc": 0.6417788995133613,
    "pr_auc": 0.43032705633508583,
    "pre_rec_f1_macro": [
        0.35119047619047616,
        0.2916666666666667,
        0.190625,
        null
    ],
    "pre_rec_f1_micro": [
        0.2857142857142857,
        0.2857142857142857,
        0.2857142857142857,
        null
    ]
}