{
    "test_loss": 1.384330153465271,
    "test_acc": 0.24242424242424243,
    "roc_auc": 0.5598413671023965,
    "pr_auc": 0.35939236259517504,
    "pre_rec_f1_macro": [
        0.16727941176470587,
        0.25,
        0.1823979591836735,
        null
    ],
    "pre_rec_f1_micro": [
        0.24242424242424243,
        0.24242424242424243,
        0.24242424242424243,
        null
    ]
}