{
    "test_loss": 1.4115936756134033,
    "test_acc": 0.45454545454545453,
    "roc_auc": 0.7044219771241829,
    "pr_auc": 0.4664131689472251,
    "pre_rec_f1_macro": [
        0.44750830564784055,
        0.42777777777777776,
        0.3725409836065574,
        null
    ],
    "pre_rec_f1_micro": [
        0.45454545454545453,
        0.45454545454545453,
        0.45454545454545453,
        null
    ]
}