{
    "test_loss": 1.2963805198669434,
    "test_acc": 0.5,
    "roc_auc": 0.8346507352941177,
    "pr_auc": 0.6189813742767303,
    "pre_rec_f1_macro": [
        0.5178571428571429,
        0.5083333333333333,
        0.4072199730094467,
        null
    ],
    "pre_rec_f1_micro": [
        0.5,
        0.5,
        0.5,
        null
    ]
}