{
    "test_loss": 1.3915433883666992,
    "test_acc": 0.6041666666666666,
    "roc_auc": 0.7824937153062153,
    "pr_auc": 0.5792353755049433,
    "pre_rec_f1_macro": [
        0.6517857142857143,
        0.5258838383838383,
        0.5318840579710146,
        null
    ],
    "pre_rec_f1_micro": [
        0.6041666666666666,
        0.6041666666666666,
        0.6041666666666666,
        null
    ]
}