{
    "test_loss": 0.7313584089279175,
    "test_acc": 0.7611940298507462,
    "roc_auc": 0.9127488102159103,
    "pr_auc": 0.8179409287909385,
    "pre_rec_f1_macro": [
        0.7817934782608696,
        0.7563025210084033,
        0.7582321860891186,
        null
    ],
    "pre_rec_f1_micro": [
        0.7611940298507462,
        0.7611940298507462,
        0.7611940298507462,
        null
    ]
}