{
    "test_loss": 0.9851374626159668,
    "test_acc": 0.5178571428571429,
    "roc_auc": 0.8334701880077267,
    "pr_auc": 0.5881719343767365,
    "pre_rec_f1_macro": [
        0.5705295848316443,
        0.5567810457516339,
        0.4686726758571934,
        null
    ],
    "pre_rec_f1_micro": [
        0.5178571428571429,
        0.5178571428571429,
        0.5178571428571429,
        null
    ]
}