{
    "test_loss": 1.323885440826416,
    "test_acc": 0.3559322033898305,
    "roc_auc": 0.6676743424642584,
    "pr_auc": 0.45516554800843645,
    "pre_rec_f1_macro": [
        0.31097560975609756,
        0.411764705882353,
        0.2921921392245054,
        null
    ],
    "pre_rec_f1_micro": [
        0.3559322033898305,
        0.3559322033898305,
        0.3559322033898305,
        null
    ]
}