{
    "test_loss": 1.0837429761886597,
    "test_acc": 0.5522388059701493,
    "roc_auc": 0.7410782677851014,
    "pr_auc": 0.5766389556083107,
    "pre_rec_f1_macro": [
        0.5046583850931676,
        0.5322128851540616,
        0.49978222996515675,
        null
    ],
    "pre_rec_f1_micro": [
        0.5522388059701493,
        0.5522388059701493,
        0.5522388059701493,
        null
    ]
}