{
    "test_loss": 1.1163215637207031,
    "test_acc": 0.6607142857142857,
    "roc_auc": 0.7297905751369372,
    "pr_auc": 0.6273318128469534,
    "pre_rec_f1_macro": [
        0.743421052631579,
        0.5812908496732025,
        0.6055555555555555,
        null
    ],
    "pre_rec_f1_micro": [
        0.6607142857142857,
        0.6607142857142857,
        0.6607142857142857,
        null
    ]
}