{
    "test_loss": 0.9745737910270691,
    "test_acc": 0.6875,
    "roc_auc": 0.8841106020793521,
    "pr_auc": 0.7637358134764659,
    "pre_rec_f1_macro": [
        0.6689102564102565,
        0.6521464646464648,
        0.6549812030075188,
        null
    ],
    "pre_rec_f1_micro": [
        0.6875,
        0.6875,
        0.6875,
        null
    ]
}