{
    "test_loss": 1.3522461652755737,
    "test_acc": 0.30357142857142855,
    "roc_auc": 0.6561685487285333,
    "pr_auc": 0.4341188224384267,
    "pre_rec_f1_macro": [
        0.14525691699604742,
        0.24019607843137253,
        0.18014705882352944,
        null
    ],
    "pre_rec_f1_micro": [
        0.30357142857142855,
        0.30357142857142855,
        0.30357142857142855,
        null
    ]
}