{
    "test_loss": 2.17462158203125,
    "test_acc": 0.5208333333333334,
    "roc_auc": 0.7867752695877696,
    "pr_auc": 0.5554421398365692,
    "pre_rec_f1_macro": [
        0.5538277511961722,
        0.5233585858585859,
        0.49108592556868425,
        null
    ],
    "pre_rec_f1_micro": [
        0.5208333333333334,
        0.5208333333333334,
        0.5208333333333334,
        null
    ]
}