{
    "test_loss": 1.259643793106079,
    "test_acc": 0.32857142857142857,
    "roc_auc": 0.6703573664589203,
    "pr_auc": 0.44743057877240894,
    "pre_rec_f1_macro": [
        0.29759358288770055,
        0.3243464052287582,
        0.2959347532116295,
        null
    ],
    "pre_rec_f1_micro": [
        0.32857142857142857,
        0.32857142857142857,
        0.32857142857142857,
        null
    ]
}