{
    "test_loss": 0.7323591113090515,
    "test_acc": 0.7857142857142857,
    "roc_auc": 0.8963120867602,
    "pr_auc": 0.8167798140707722,
    "pre_rec_f1_macro": [
        0.8131159420289856,
        0.7818627450980391,
        0.754164188425623,
        null
    ],
    "pre_rec_f1_micro": [
        0.7857142857142857,
        0.7857142857142857,
        0.7857142857142857,
        null
    ]
}